{"cars": [[{"right": [[1.5964092812051813, -1.121017373870704], [-1.3339627309323687, 0.04198972802846823], [-0.3497435394907713, -1.8827660395434043], [0.37625334004008737, -1.5322079725328415], [1.3615862788077786, -1.4348212575774422]], "down": [[-0.5938937471712058, 0.4241212430929968], [-1.0458764060355519, -0.27668497772601164], [-2.316678254982061, 0.5166571857620523], [-0.45056938186769013, -2.0529713249198203], [0.08651393641737215, 2.2982801605874323]], "up": [[0.5527711088868386, 1.7190067743112856], [-2.3523002810460296, -1.2418499912648095], [2.2345262224960463, -1.1025116869682228], [-1.2905166474333059, 0.48833772434499156], [-1.2089776430230137, 2.138372494643156]], "left": [[-2.3709678346602208, -1.7159998394889313], [-0.013690406594355498, 0.7415937530356533], [-0.890183730707919, 0.5884985591105529], [-0.37408728116989876, -1.5407403567315636], [-2.4240352231492683, 2.150202738400921]]}, 0.5, [74, 234, 15]], [{"right": [[1.040023474070919, -2.4714667721625787], [0.2737796570027369, -0.15353077822060257], [1.176110300481005, -1.1161602856698765], [2.4012335876504007, 1.9313536655381283], [-1.8690439257039793, 0.45380527351380184]], "down": [[2.2362125005647613, -0.18616069502327237], [-0.9818311083161517, -0.2589380311034972], [-0.8914668034207252, 2.0920936184268175], [-1.5197140135566252, -1.7059119740150859], [1.967673735646355, -0.6123225005448174]], "up": [[1.9458276506042687, -0.08744838591573068], [-1.8098570112908807, -1.1089990307379587], [-0.5974307562008057, -0.5229899852762898], [1.5640632375933725, 0.8364786115310432], [0.08983628613091899, 1.7438602804942729]], "left": [[-1.6602858021295064, 1.113244260132177], [-1.6167747972796414, -1.3145826088232038], [1.9832412010067166, -0.5741045728414684], [-1.290268576213816, 1.0005891413212717], [-0.571612025923856, -2.347501060360228]]}, 0.5, [81, 217, 162]], [{"right": [[-1.4233404745163207, -1.626361880876129], [0.8350047371742388, 1.0105224155292567], [-0.8661702452908635, -0.929001421382819], [0.43235142826099127, 1.8227286213381286], [1.5513822416381673, 1.7343568610392466]], "down": [[-1.4503988729793003, -1.4655916967139135], [-0.2398181508237025, -1.212099462887085], [0.3526211150453469, -0.12814166385720793], [1.1930172566815649, 0.06611903597222135], [2.0085799484361644, 0.2765459058061367]], "up": [[1.1014981670727644, -0.45389356296302386], [0.9433318741606049, -0.23658875690369618], [0.6720107448872563, 0.8375603451973821], [1.752065691183299, 0.5741932437597663], [0.1991645592747311, -1.2897460119062099]], "left": [[-0.5954752743003826, 0.7777399058509444], [0.5307575468025825, 1.9601927887611175], [0.5882491788051298, -0.13985484754467326], [0.29431649761883916, 0.11588164309407845], [0.8640294305072839, 0.28750323425060875]]}, 293.9023795293354, [61, 14, 230]], [{"right": [[1.2797860572511226, -0.3385637408889286], [-1.191291585580522, 0.27014550967684714], [-0.09641392783815739, 1.508826666735575], [1.3987098494629056, -2.099276832970569], [1.2862572449195588, 0.08459755261464974]], "down": [[0.5603797270759954, 1.8494446781025937], [0.42865122540479983, -1.3569955901115276], [0.8583187105640615, -1.6224346900470143], [0.4304481123566555, -0.35274422080982015], [0.2965971361256454, 1.4906123191127147]], "up": [[0.4376869361508855, 0.27120462430098957], [0.10175162557463202, -0.7642721225128343], [1.948180446931643, 0.19783866943066997], [1.5986800584893859, -0.1395999954217253], [1.3724785757795055, 0.9743872106675049]], "left": [[-0.47854533668616184, 0.6395412392753204], [0.9446095996124348, -0.9539001280552164], [0.6977017431568703, -0.4141886124976981], [-0.8859711603718151, -0.6253951037722594], [1.6873161070028337, -0.34849541681081475]]}, 337.01596722550784, [189, 107, 102]], [{"right": [[0.8048133385040572, 0.7807557477936518], [-1.9433237275590884, 0.8003136800472033], [-1.051565736885277, -0.11581643047542167], [1.1744013621252276, -0.8129040435944369], [0.003806281929022326, -0.716884397995037]], "down": [[1.044700906841089, -1.2314453174601874], [-0.33695674850083646, 1.5513371659451523], [-1.0389646897245797, -1.311205986351875], [-2.194213621781039, 0.10859982207604135], [-0.05754279313574828, 0.44873644190273265]], "up": [[-1.7452283795721644, 0.2594892392402761], [0.5642609828017056, -1.5880391789685413], [0.7009865749257755, -1.0664158262950134], [0.6912019341183235, -0.5898983627556212], [1.1768114422766045, 0.014862836989184336]], "left": [[0.30492577162787105, -0.4867288309480353], [1.602758598234908, -0.9971002065459034], [1.2617625547500109, -0.6945677667433601], [-0.4290165708223166, 0.5361968928583416], [-1.0261880953225504, 0.3137064883411762]]}, 350.67354733298936, [151, 97, 79]], [{"right": [[1.340955805031825, 0.4798473764375213], [0.2276560616289245, 0.5780227153687876], [1.4976724940443715, 0.09560521745678474], [0.7373590201475577, -1.58824968433828], [-1.4596646133551336, 1.5158709430962323]], "down": [[-1.3589764208085582, -1.1051816683252518], [-0.31678672375540784, -0.7698746992575587], [0.19039497341388967, 1.1602152369264842], [0.6560736962103106, 1.2004884681251364], [-1.843299452656311, -0.048342414151390845]], "up": [[-0.12398121711862098, -1.394399228537448], [1.4493932546695858, 0.1417063889826451], [-0.09498086621159496, -1.3207488784311212], [-0.527616306499369, 1.9111574966733125], [1.1030012103608504, 0.2699360790524563]], "left": [[-0.5258900991410849, 0.3260714767969324], [0.7392060863225498, -1.77803173897523], [0.24128277153867006, -0.5934511584277666], [0.42095193602580294, -0.9970723041376999], [0.47948128288294, 1.2466500959908642]]}, 553.2890886672707, [42, 122, 57]], [{"right": [[1.099167341104132, -0.4098175713698542], [0.22332666450862515, 0.31423451140100933], [-1.3330495541480811, -0.30739557707882725], [-0.08324050992051357, 0.25878375190752057], [-0.23570810581914214, -0.5496565171577835]], "down": [[1.3124756303611727, -1.9372608652764183], [1.017986807090282, 0.21646835531970332], [-0.3968275488313229, 0.24387187618846906], [1.083533239357826, -0.5003123677488562], [1.8514031424361712, 0.36099600697375167]], "up": [[1.4195156509784042, -0.847187948807373], [1.2673353486626595, 0.20427110583388353], [-1.577032407078459, -1.073949624778431], [0.010468204458522923, 1.2826948877013373], [1.425429664221952, -0.24789615569216994]], "left": [[1.6220498665743566, 1.0647248258885949], [0.41615264885285974, 0.17132869679798046], [1.07420642414101, -0.3778313724084986], [-0.4288161174113658, -1.4657027366348871], [1.336832439743699, -0.32599646262127147]]}, 731.1886589045989, [183, 201, 146]]]}